# --- !Ups
CREATE TABLE BANK_USER (
    "USER_ID" BIGINT NOT NULL PRIMARY KEY,
    "FIRST_NAME" VARCHAR NOT NULL,
    "LAST_NAME" VARCHAR NOT NULL,
    "CITY" VARCHAR NOT NULL,
    "STATE" VARCHAR NOT NULL,
    "ZIP_CODE" VARCHAR NOT NULL
);

CREATE TABLE BANK_ACCOUNT (
    "ACCOUNT_ID" VARCHAR NOT NULL PRIMARY KEY,
    "USER_ID" BIGINT NOT NULL,
    "ACCOUNT_BALANCE" NUMERIC(20,2),
    "ACCOUNT_STATUS" VARCHAR
);

CREATE TABLE BANK_TRANSACTION (
    "TRANSACTION_ID" BIGINT NOT NULL PRIMARY KEY,
    "ACCOUNT_ID" VARCHAR NOT NULL,
    "AMOUNT" NUMERIC(20,2) NOT NULL,
    "DESCRIPTION" VARCHAR NOT NULL,
    "TRANSACTION_STATUS" VARCHAR NOT NULL,
    "CREATED" TIMESTAMP NOT NULL
);

-- USERS
INSERT INTO BANK_USER (USER_ID, FIRST_NAME, LAST_NAME, CITY, STATE, ZIP_CODE) VALUES (10,'Cesar', 'Laurentin', 'Naperville', 'IL','60540');
INSERT INTO BANK_USER (USER_ID, FIRST_NAME, LAST_NAME, CITY, STATE, ZIP_CODE) VALUES (20,'John', 'Wick', 'New York', 'NY','10001');
INSERT INTO BANK_USER (USER_ID, FIRST_NAME, LAST_NAME, CITY, STATE, ZIP_CODE) VALUES (30,'Winston', 'Scott', 'New York', 'IL','10002');

-- ACCOUNTS
INSERT INTO BANK_ACCOUNT (ACCOUNT_ID, USER_ID, ACCOUNT_BALANCE, ACCOUNT_STATUS) VALUES ('100',10,9913.50,'ACTIVE');
INSERT INTO BANK_ACCOUNT (ACCOUNT_ID, USER_ID, ACCOUNT_BALANCE, ACCOUNT_STATUS) VALUES ('200',10,872.0,'ACTIVE');
INSERT INTO BANK_ACCOUNT (ACCOUNT_ID, USER_ID, ACCOUNT_BALANCE, ACCOUNT_STATUS) VALUES ('300',20,113097.45,'ACTIVE');
INSERT INTO BANK_ACCOUNT (ACCOUNT_ID, USER_ID, ACCOUNT_BALANCE, ACCOUNT_STATUS) VALUES ('400',20,28000.0,'ACTIVE');
INSERT INTO BANK_ACCOUNT (ACCOUNT_ID, USER_ID, ACCOUNT_BALANCE, ACCOUNT_STATUS) VALUES ('500',30,14200.55,'ACTIVE');

-- TRANSACTIONS
INSERT INTO BANK_TRANSACTION (TRANSACTION_ID, ACCOUNT_ID, AMOUNT, DESCRIPTION, TRANSACTION_STATUS, CREATED) VALUES (1,'100',-12.50,'CHECKCARD PEETS','COMPLETED',CURRENT_TIMESTAMP);
INSERT INTO BANK_TRANSACTION (TRANSACTION_ID, ACCOUNT_ID, AMOUNT, DESCRIPTION, TRANSACTION_STATUS, CREATED) VALUES (2,'200',-81.50,'HOLD PAYPAL','PENDING',CURRENT_TIMESTAMP);
INSERT INTO BANK_TRANSACTION (TRANSACTION_ID, ACCOUNT_ID, AMOUNT, DESCRIPTION, TRANSACTION_STATUS, CREATED) VALUES (3,'300',-81.50,'XFINITY','COMPLETED',CURRENT_TIMESTAMP);
INSERT INTO BANK_TRANSACTION (TRANSACTION_ID, ACCOUNT_ID, AMOUNT, DESCRIPTION, TRANSACTION_STATUS, CREATED) VALUES (4,'400',500.0,'CASH DEPOSIT','COMPLETED',CURRENT_TIMESTAMP);
INSERT INTO BANK_TRANSACTION (TRANSACTION_ID, ACCOUNT_ID, AMOUNT, DESCRIPTION, TRANSACTION_STATUS, CREATED) VALUES (5,'500',12500.55,'CASH DEPOSIT','COMPLETED',CURRENT_TIMESTAMP);


# --- !Downs

DROP TABLE BANK_USER;
DROP TABLE BANK_ACCOUNT;
DROP TABLE BANK_TRANSACTION;
